best_t,acc,prec,rec,f1,auc,model,enc_ms_per_query
0.7200000000000001,0.7266739846322722,0.7415185783521809,0.8375912408759124,0.7866323907455013,0.7989030986708492,MiniLM-L6-v2,0.41633368437932083
0.7200000000000001,0.7120879120879121,0.7202472952086554,0.8519195612431444,0.7805695142378559,0.804719960113013,MiniLM-L6-v2,0.41633368437932083
0.7200000000000001,0.7516483516483516,0.752755905511811,0.8738574040219378,0.8087986463620981,0.822706875972623,MiniLM-L6-v2,0.41633368437932083
