best_t,acc,prec,rec,f1,auc,model,enc_ms_per_query
0.9,0.7058177826564215,0.7005730659025788,0.8923357664233577,0.7849117174959872,0.8064336128370634,E5-small-v2,1.1596046395182777
0.9,0.7,0.6924157303370787,0.9012797074954296,0.7831612390786339,0.8116800378724927,E5-small-v2,1.1596046395182777
0.9,0.7351648351648352,0.7217391304347827,0.9104204753199269,0.8051738075990299,0.8292061381640907,E5-small-v2,1.1596046395182777
