fold,best_t,acc,prec,rec,f1,f1_weighted,auc,train_time
1,0.40499999999999997,0.8726673984632273,0.8829787234042553,0.9087591240875912,0.89568345323741,0.8721487268063443,0.9424855723794012,2.753082036972046
2,0.635,0.8736263736263736,0.9044943820224719,0.8829981718464351,0.8936170212765957,0.8739780358989757,0.9310413424589925,2.72641921043396
3,0.305,0.8758241758241758,0.8616666666666667,0.9451553930530164,0.9014821272885789,0.8738035644904265,0.9476231485538449,2.6285479068756104
